{
  "builtin_entity_scope": [],
  "config": {
    "unit_name": "tfidf_vectorizer",
    "use_stemming": false,
    "word_clusters_name": null
  },
  "language_code": "en",
  "vectorizer": {
    "idf_diag": [
      4.318721159837917,
      4.788724789083652,
      4.788724789083652,
      3.759105371902494,
      4.788724789083652,
      4.788724789083652,
      4.45225255246244,
      3.6255739792779718,
      4.318721159837917,
      4.45225255246244,
      4.318721159837917,
      4.200938124181533,
      4.095577608523707,
      3.453723722351312,
      5.299550412849643,
      5.299550412849643,
      5.299550412849643,
      4.788724789083652,
      4.318721159837917,
      5.0118683403978626,
      4.318721159837917,
      4.788724789083652,
      3.833213344056216,
      4.788724789083652,
      4.45225255246244,
      4.000267428719383,
      4.000267428719383,
      1.3677247801253174,
      3.9132560517297525,
      5.299550412849643,
      4.788724789083652,
      5.299550412849643,
      5.299550412849643,
      4.45225255246244,
      3.9132560517297525,
      5.299550412849643
    ],
    "vocab": {
      "about": 0,
      "available": 1,
      "can": 2,
      "cfdc": 3,
      "delia": 4,
      "do": 5,
      "don": 6,
      "for": 7,
      "hello": 8,
      "hey": 9,
      "hi": 10,
      "how": 11,
      "i": 12,
      "is": 13,
      "love": 14,
      "mind": 15,
      "need": 16,
      "never": 17,
      "no": 18,
      "nope": 19,
      "please": 20,
      "program": 21,
      "signup": 22,
      "sure": 23,
      "t": 24,
      "thank": 25,
      "thanks": 26,
      "unknownword": 27,
      "what": 28,
      "why": 29,
      "women": 30,
      "would": 31,
      "yeah": 32,
      "yes": 33,
      "you": 34,
      "yup": 35
    }
  }
}